Nr./ID;Dokument;Quelle;Anforderung;Keywords;Gefährdung;Beschreibung
1;BSI;G 3.1;Ausgedruckte personenbezogene oder sensible sollten Daten direkt abgeholt werden;Drucken;Vertrauliche personenbezogene oder sensible Daten werden öffentlich oder manipuliert;
2;;;Vertrauliche Daten sollten nicht in Hörweite fremder Personen besprochen werden oder in Sichtweite fremder Personen bearbeitet werden;Besprechung, Telefonat, Gespräch;Abhörung vertraulicher Daten;
3;;;Vertrauliche Daten müssen von Datenträgern irreversibel gelöscht werden, bevor diese versandt oder ausgemustert werden;Datenträger;Auslesung oder Änderung von vertraulichen Daten;
4;;;Dokumente sollten nicht auf einem Webserver veröffentlich werden ohne deren Freigabe zu prüfen;Webserver;Vertrauliche Dokumente können vom Webserver heruntergeladen werden;
5;;;Zugriffsrechte sollten minimal vergeben werden;Rolle, Rechte, RBAC;Vertrauliche Daten werden auf Grund falscher Rechte ausgelesen oder verändert;
6;;;Neue Software sollte mit anonymisierten Daten getesten werden;Anonymisierung, Testdaten;Unbefugte Mitarbeiter gelangen durch Testdaten an vertrauliche Informationen;
7;;;Ausdrucke mit vertraulichen Daten sollten geeignet entsorgt werden wenn diese nicht gebraucht werden;Drucken, Testdaten;Unbefugte Mitarbeiter gelangen durch Ausdrucke an vertrauliche Informationen;
8;;;Outsourcing-Dienstleister sollten auf Einhaltung der Vertraulichkeit und Integrität sensibler Daten hin verpflichtet und überprüft werden;Outsourcing, Prüfen;Vertrauliche Daten werden versehentlich durch Outsourcing-Diensleister falschen Mandanten zur Verfügung gestellt;
9;;G 3.2;Anwendungen / Programme sollten immer ordnungsgemäß beendet werden;Absturz, fehlerhafte Bedinung;Die Integrität von sensiblen Daten wird durch Abschalten des Rechners oder falschem Beenden des Programms beschädigt;
10;;;IT-Systeme und Geräte sollten von Feuchtigkeit ferngehalten werden;Kurzschluss, Feuchtigkeit, Absturz;Durch einen Kurzschluss auf Grund von Feuchtigkeit wird die Integrität von sensiblen Daten zerstört;
11;;;Bei der Formatierung von Datenträgern sollte äußerste Vorsichtigkeit geboten sein;Formatieren, Datenträger, Löschen;Durch eine falsch durchgeführte Formatierung werden sensible Daten gelöscht;
12;;;Bei der Löschung von Daten sollte äußerste Vorsichtigkeit geboten sein;Löschen, Daten;Durch einen falschen Löschbefehl werden sensible Daten gelöscht;
13;;G 3.3;Schlüssel für Orte mit schützenswerten Assets sollten hinreichend sicher aufbewahrt werden;Schlüssel, Datenträger;Ein unbefugter Mitarbeiter verschafft sich Zugang zum Schlüssel und damit Zugang zu dem Ort der schützenswerte Assets beinhaltet;
14;;;Es sollte eine ausreichend umfassende Datensicherung durchgeführt werden;Datensicherung, Schadsoftware, Backup;Sensible Daten werden ausversehen gelöscht und können durch unzureichende Datensicherung nicht wieder hergestellt werden;
15;;;Der Zutritt zu einem Ort mit schützenswerten Assets muss durch ein geeignetes Zutrittskontrollsystem gesichert sein;Rechenzentrum, Zugangskontrolle, Authentifizierung;Unbefugte Mitarbeiter verschaffen sich über eine unzureichend gesicherte Zugangskontrolle Zutritt zu schützenswerten Assets;
16;;;Die Fluchttür von Räumen mit schützenswerten Assets sollte geschlossen bleiben;Fluchttür, Tür, Zugangskontrolle;Unbefugte Mitarbeiter verschaffen sich über die Fluchttür Zugriff auf schützenswerte Assets;
17;;;Automatische Sicherungsvorgänge sollten regelmäßig auf ihre Funktionsfähigkeit hin überprüft werden;Datensicherung, Schadsoftware, Backup;Aktuelle sensible Daten sind nicht gesichert, da die automatische Sicherung seit einer gewissen Zeit nicht mehr fehlerfrei funktioniert;
18;;G 3.4;(Neue) Kabelverbindungen sollten auf ihre Zulässigkeit hin überprüft werden;Kabel, Datenverbindungen, Netzwerk;Falsche oder unzulässige Verkablung kann zu Datenverlust, unerlaubten Zugriff, Datenmanipulation und Fehlfunktionen führen;
19;;G 3.5;Kabel und Leitungen sollten geschützt verlegt werden;Kabel, Schutz, Schaden, Beschädigung, Verbindungsverlust;Kabel oder Leitungen, die nicht geschützt verlegt wurden, können (un-)beabsichtigt beschädigt werden, was zu Verbindungsabbrüchen oder ähnlichem führen kann;
20;;;Die Gesamtleistung von Steckdosen sollte nicht durch unzulässige Verteiler überschritten werden;Steckdose, Gesamtleistung, Ausfall;Die an einer überlasteten Steckdose angeschlossenen Geräte können ausfallen oder Fehlfunktionen haben;
21;;G 3.6;Besucher sollten sich niemals unbegleitet in der Firma aufhalten;Besucher, Begleitung, Zugangskontrolle;Besucher könnten an sensible Daten gelangen wenn sie sich unbegleitet in der Firma aufhalten;
22;;;Reinigungspersonal sollte niemals Veränderung am Arbeitsplatz von Mitarbeitern vornehmen;Reinigung, Reinigungspersonal, Arbeitsplatz;Reinigungspersonal kann Stecker entfernen oder Geräte ausschalten und damit ungesicherte Änderungen vernichten oder wichtige Unterlagen mit dem Müll entfernen;
23;;;Reinigungspersonal sollte sehr vorsichtig mit Flüssigkeiten in der nähe von elektrischen Systemen arbeiten;Feuchtigkeit, Kurzschluss;Reinigungspersonal kann mit Flüssigkeiten Kurzschlüsse bei elektrischen Geräten hervorrufen und so möglicherweise Rechner abstürzen lassen;
24;;;Die Daten von externen Mitarbeitern sollten auf Schadsoftware hin überprüft werden;Schadsoftware, externe Mitarbeiter;Ein externer Mitarbeiter kann Schadsoftware ins interne Netzwerk schleusen, in dem er seine Daten ins interne Netzwerk kopiert oder seinen Rechner ans interne Netzwerk anschließt;
25;;;Handwerker sollten an Orten mit schützenswerten Assets auf nötige Sicherheitsvorkehrungen hingewiesen werden;Schaden, Assets, Unfall, Handwerker;Handwerker können durch Unachtsamkeit oder mangelnde Einweisung Schäden an schützenswerten Assets hervorrufen;
26;;G 3.7;Telekommunikationsanlagen sollten durch Fachpersonal installiert, konfiguriert und bedient werden;Fachpersonal, Schaden, Telekommunikationsanlagen;Unsachgemäße Bedinung von Telekommunikationsanlagen kann zum Ausfall dieser führen;
27;;;Beim Übergang von klassischen Telekommunikationsanlagen zu VoIP Lösungen sollte die Mitarbeiter hinreichend geschult werden;Telekommunikationsanlage, VoIP, Schaden, Umstellung, Übergang, Fehlbedingung;Wenn Mitarbeiter vor der Umstellung von einer klassischen Telekommunikationsanlage auf eine VoIP Lösung nicht ausreichend geschult werden, kann es zu häufigen Fehlbedinungen kommen;
28;;;Wenn neue Telekommunikationssystem eingeführt werden, muss die Anbindung und Konfiguration hinreichend geprüft werden;Einführung, Telekommunikation, VoIP, Fehlbedingung;Wenn ein neues Telekommunikationssystem eingeführt wird, welches nicht ausreichend geprüft oder unsachgemäß konfiguriert wurde, kann es zum Ausfall der ganzen Kommunikationsinfrastruktur führen;
29;;;Bei der Konfiguration von VoIP Anlagen muss auf eine hinreichende Kompression geachtet werden;VoIP, Kompression, Konfiguration;Eine falsch gewählte Kompression für VoIP Anlagen kann zu einer Überlastung der Bandbreite des Netzwerks führen;
30;;G 3.8;Passwörter sollten eine Mindestlänge und -komplexität haben;Passwort, Login, Authentifizierung;Ein leicht zu erratendes Passwort kann unbefugten Zugriff auf sensible Daten gewähren;
31;;;Datenträger oder Systeme mit sensiblen Daten müssen ausreichend geschützt sein;Datenträger;Nicht ausreichend geschütze sensible Datenträger oder Sicherheitskopien können in die Hand von Unbefugten gelangen;
32;;;Auch bei vorübergehender Abwesenheit sollten Terminals / Endgeräte gesperrt werden;Terminal, Sperrung;Während der Abwesenheit des Mitarbeiters können unbefugte auf das Terminal und damit auf sensible Daten zugreifen ;
33;;;Mitarbeiter sollten für die Bedienung der beteiligten IT-Systeme und Anwendungen geschult sein;Schulung, Bedienung;Fehlerhafte Bedienung von IT-Systemen oder Anwendungen kann zum versehentlichen Löschen oder Verändern von Daten führen;
34;;G 3.9;Netzzugangsmöglichkeiten sollten über unbedingte Notwendigkeiten nicht hinausgehen;Netzwerk, Zugang, Login;Nicht ordnungsgemäße Netzzugangsmöglichkeiten können die Vertraulichkeit oder Integrität von sensiblen verletzen;
35;;;Neue und vorhandene Software und Systeme sollte immer fehlerfrei installiert und aktualisiert werden;Installation, Aktualisierung, Update, Software, System;Durch fehlerhafte Installation oder Aktualisierung von Software können Sicherheitsprobleme entstehen;
36;;;Standard-Installationen von Betriebssystemen und Software sollten auf eine sichere Konfiguration hin überprüft werden;Installation, Software, Betriebssystem, Konfiguration;Standard-Installationen von Betriebssystemen und Programmen können auf Grund unsicherer Konfiguration ein erhebliches Risiko darstellen;
37;;;Besonders sollte auf die richtige Konfiguration von System geachtet werden, die Einfluss auf den Schutz anderer Systeme haben;Router, Gateways, Konfiguration;Fehlerhafte Konfiguration von Routern oder Gateways kann zu erheblichen Sicherheitsproblemen bei allen im Netzwerk angeschlossenen Systemen führen;
38;;;Nicht mehr benötigte Benutzererkennungen sollten gelöschten werden;Login, Benutzerkonto, RBAC;Wenn nicht mehr benötige Benutzererkennungen nicht deaktiviert werden, kann ein Angreifer sich Zugriff verschaffen ohne bemerkt zu werden und darüber auf sensible Daten zugreifen;
39;;;Protokollierungsmöglichkeiten sollte genutzt und Protokolldaten regelmäßig ausgewertet werden;Protokoll, Auswertung, Analyse;Wenn Protokollierungsmöglichkeiten nicht genutzt oder vorhandene Protokolldaten nicht ausgewertet werden, können möglicherweise erfolgreiche Angriffe im Verborgenen bleiben;
40;;;Logindaten sollten niemals mehrfach vergeben werden;Login, UID, Benutzername;Mehrfach vergebene Logindaten oder UIDs können zu unbefugten Zugriff führen;
41;;;Vorhandene Sicherheitsmechnismen sollten genutzt werden;Sicherheitsmechnismus;Wenn vorhandene Sicherheitsmechnismen nicht genutzt werden, sind Angriffe leichter erfolgreich durchzuführen;
42;;;Passwörter sollten regelmäßig geändert werden;Passwort, Login;Wenn Passwörter nicht oft genug geändert werden steigt die Wahrscheinlichkeit, dass dieses erraten oder in Erfahrung gebracht wird;
43;;G 3.10;Beim Exportieren von Festplatten und Daten sollten die Dateisystem spezifischen Sicherheitsmängel beachtet werden. Gegebenfalls sollte auf ein Export verzichtet werden.;Exportieren, Datenträger, Daten;Wenn beim Exportieren von Datenträger und Daten nicht die Dateisystem spezifischen Sicherheitslücken beachtet werden, können sensible Daten in unbefugte Hände geraten;
44;;G 3.12;Beim Versand von wichtigen Datenträgern sollte ein sicheres und adäquates Behältnis gewählt werden;Versand, Datenträger, Behältnis;Wichtige Datenträger können beim Versand beschädigt, zerstört oder abhanden kommen. Wichtige Termine können nicht eingehalten werden;
45;;;Beim Versand von Datenträgern mit sensiblen Inhalt sollten diese ausreichend verschlüsselt sein;Versand, Datenträger, Verschlüsselung;Wenn Datenträger beim Versand verloren gehen oder gestohlen werden können unverschlüsselte Daten leichter von Unbefugten eingesehen oder verändert werden;
46;;G 3.13;Bei der Weitergabe von Informationen sollte immer darauf geachtet werden, dass nicht versehentlich andere sensible Daten mit übergeben werden;Versand, Datenträger, Daten, Übertragung;Wenn bei der Weitergabe von Daten nicht darauf geachtet wird, ob andere Daten mit übertragen werden, können sensible Daten unbewusste an Unbefugte ausgegeben werden;
47;;;Verteilerlisten und Adressstrukturen sollten regelmäßig auf ihre Aktualität hin überprüft und nicht mehr autorisierte Empfänger entfernt werden;Versand, Adressen, Verteiler, Empfänger;Wenn Verteilerlisten und Adressstrukturen nicht regelmäßig auf nicht mehr autorisierte Empfänger hin überprüft werden können sensible Daten an Unbefugte versendet werden;
48;;;Sensible Daten sollten nicht über physische Datenträger ausgetauscht sondern direkt über Datennetze geeignet geschützt versendet werden;Versand, Übertragung, Datenträger;Versendete Datenträger mit sensiblen Daten können leichter gestohlen oder kopiert werden;
49;;G 3.14;Die nicht immer gegebene Rechtsverbindlichkeit von Telefaxen sollte beachtet werden und gegebenfalls auf den Postweg zurückgegriffen werden;Fax, Versand, Rechtsverbindlichkeit;Bei rechtskritischen Belangen kann die Gültigkeit von Telefaxen angezweifelt werden;
50;;G 3.17;Wenn mehrere Benutzer an einem PC oder einer Software arbeiten, sollten diese sich immer ordnungsgemäß an- und abmelden;Login, Rechner, Protokoll, RBAC;Wenn sich ein PC von mehreren Benutzern geteilt wird ohne das diese sich ordnungsgemäß an- und abmelden, können Aktionen nicht mehr eindeutig zugeordnet werden. Der Benutzer, dessen Erkennung von allen verwendet wird, wird möglicherweise fälschlich für alles verantwortlich gemacht;
51;;G 3.21;Codeschlösser sollten immer fehlerfrei bedient und konfiguriert werden;Codeschlösser, Konfiguration, Reparatur;Die Fehlbedinung oder -konfiguration von Codeschlössern kann dazu führen, dass diese nicht mehr geöffnet werden können und aufgebrochen werden müssen. Das kann zu erheblichen Kosten für Reparatur oder Neubeschaffung führen;
52;;G 3.22;Die Konfiguration von Benutzerrechten eines Betriebssystems sollte nur Fachpersonal durchgeführt werden;Rechte, Konfiguration, Betriebssystem, RBAC;Wenn Benutzerrechte falsch oder fehlerhaft gesetzt werden, kann das zu einem Ausschluss aller oder des aktuellen Benutzers führen. Das Betriebssystem müsste neu aufgesetzt oder Hardwarekomponente neu installiert werden;
53;;G 3.25;Administratoren sollten nicht gelöscht werden und nur wenn es andere Administratoren gibt, die die Rechte des zu löschenden haben;Rechte, RBAC, Löschung;Wenn Administratoren gelöscht werden, ohne das es andere Administratoren mit überschneidenden Rechten gibt, kann das dazu führen, dass das System oder die Anwendung nicht mehr administriert werden. Eine aufwendige Neuinstallation kann nötig werden;
54;;G 3.27;Die Relevanz von korrekten Zeiteinstellung und einer möglichen Synchronisation von Systemzeiten bei verschiedenen Servern im gleichen Netz sollte beachtet werden;Server, Zeit, Synchronisation;Wenn die Systemzeiten auf verschiedenen Servern im gleichen Netz nicht synchronisiert sind, kann es dazu kommen, dass Protokolle unbrauchbar, Zeitstempel unkorrekt oder Reihenfolgen für Aufgaben nicht eingehalten werden;
55;;;In einem Netz, welches das Einzelreferenz-Verfahren zur Zeitsynchronisation nutzt, sollten bei einem Ausfall der Zeitquelle die Datei- und Objektrechte kontrolliert und gegebenenfalls entzogen werden;Server, Zeit, Rechte, RBAC;Kommt es in einem Netz, welches das Einzelreferenz-Verfahren zur Zeitsynchronisation nutzt, zum Ausfall der Zeitquelle, so ist keine Ersatzzeit mehr verfügbar. Dadurch können Datei- und Objektrechte unkontrolliert verändert werden. ;
56;;G 3.28;Bei einem Austauch einer Netzwerkkarte (oder generell Hardware) sollte geprüft werden, ob bei routenden Netzwerkgeräten MAC-Adressen aktualisiert werden müssen;Router, MAC Adresse, Hardware, Netzwerk;Wenn die zugehörigen MAC-Adresse nicht überprüft werden, kann es zu einem Verlust der Verfügbarkeit bestimmter oder aller Netzwerke auf diesem Endgerät kommen;
57;;G 3.29;Netzwerke sollten geeignet logisch und/oder physikalisch Segmentiert werden;Netzwerk, Segmentierung, Router, Ausfall, Last;Durch eine ungeeignete Segmentierung des Netzwerks kann es zu einer hohen Netzlast, zum Verlust der Vertraulichkeit und Integrität sensibler Daten oder gar zum Ausfall des Netzwerks führen;
58;;G 3.30;Arbeitsrechner im häuslichen Bereich sollten ausreichend vor unbefugter Nutzung geschützt werden;Rechner, zu Hause, Privat, Login;Wenn Dienstrechner nicht vor unbefugten Zugriff geschützt sind und diese mit nach Hause genommen oder dort fest installiert sind, kann es zu unbefugten Zugriff durch Gäste, Familienmitglieder oder Einbrecher kommen. Das versehentliche oder absichtliche Löschen, Kompromitieren, Kopieren und Weitergeben von sensiblen Daten oder Diensten kann eintreten.;
59;;;Arbeitsrechner sollten auch im häuslichen Bereich ausreichend vor Schadsoftware geschützt werden;Schadsortware, zu Hause, Privat, Rechner;Wenn Dienstrechner mit nach Hause genommen oder dort fest installiert sind und nicht ausreichend vor Schadsoftware geschützt sind, kann es passieren das diese in das Firmennetz gelangen oder auf sensible Daten oder Dienste zurückgreifen ;
60;;G 3.31;Es sollten ausreichende Vorgaben zur übersichtlichen und einheitlichen Speicherung der Daten gegeben werden;Daten, Vorgaben, Vereinheitlichung;Wenn sich die Speicherung von Daten durch die Mitarbeiter uneinheitlich oder unübersichtlich gestaltet, kann es zu Platzverschwendung, unabsichtlicher Löschung oder Überschreibung, unbefugten Zugriffen oder inkosistenter Versionierung kommen;
61;;G 3.32;Beim Einsatz von kryptographischen Produkten sind länderspezifische Gesetze zu beachten;Kryptographie, Gesetz, International;Da in manchen Ländern der Einsatz von Kryptographie gesetzlich beschränkt ist, kann es bei der verschlüsselten Kommunikation ins Ausland zu Verletzung von geltendem Recht kommen oder die Verbindung kommt nicht zu Stande bzw. der Empfänger ist nicht dazu im Stande die Kommunikation zu entschlüsseln;
62;;;Beim Einsatz von kryptographischen Produkten sollte beachtet werden, ob diese durch länderspezifische Gesetze auf Grund von abgeschwächte Exportversionen nicht ausreichend sicher sind;Kryptographie, Gesetz, International, Exportversion;Bei Exportversionen von Kryptoprodukten kann es zu einer erheblichen Abschwächung der zur Verfügung gestellten Sicherheit kommen, da dies die länderspezifischen Exportgesetze vorschreiben;
63;;;Die Vorgaben der länderspezifischen Datenschutzgesetze bzgl. adäquater kryptographischer Verfahren bei der Verarbeitung von personenbezogenen Daten müssen eingehalten werden;Datenschutz, Gesetze, International;Wenn keine adäquaten Kryptoverfahren zum Schutz personenbezogener Daten eingesetzt werden, kann dies zum Verstoß gegen nationales Recht, zum Verlust sensibler Daten und zu erheblichen Finanz- und Imageschäden führen;
64;;G 3.33;Bei der Verwendung von Kryptomodulen sollte darauf geachtet werden, dass nicht versehentlich der Klartext-Modus aktiviert wird;Kryptographie, Klartext-Modus;Wenn der Klartext-Modus aktiviert ist, wird trotz der Verwendung eines Kryptomoduls die zu verschlüsselnden Daten im Klartext übertragen;
65;;;Bei der Eingabe von kryptographischen Schlüssel sollte eine Überprüfung der Korrektheit stattfinden;Kryptographie, Schlüssel;Wenn ein falscher Schlüssel zur Verschlüsselung benutzt wurde, ist es dem Empfänger nicht mehr möglich die verschlüsselten Daten zu entschlüsseln;
66;;;Bei der Verschlüsselung von Daten sollte auf eine korrekte Durchführung und Beendigung dieser geachtet werden;Kryptographie, Durchführung, Verschlüsselung;Wenn der Verschlüsselungsvorgang vorzeitig beendet wird, zum Beispiel durch einen Stromausfall oder einen Absturz des Rechners, kann es zu nicht entschlüsselbaren Daten kommen oder der Inhalt der zu verschlüssenden Nachricht ist teilweise noch lesbar;
67;;;Die zu setzenden Parameter eines Verschlüsselungsverfahren sollten genau auf ihre Richtigkeit hin überprüft werden;Kryptographie, Verschlüsselung, Parameter;Falsche Parameter beim Einsatz eines Verschlüsselungsverfahren kann zu einer nicht sicheren Verschlüsselung führen;
68;;;Wenn der Benutzer an der Erstellung des Verschlüsselungsschlüssel beteiligt wird, sollte dieser einen geeignet sicheren und komplexen Schlüssel wählen;Kryptographie, Verschlüsselung, Schlüssel, Benutzereingabe;Wenn der Benutzer an der Schlüsselerstellung beteiligt ist und dort eine leicht zu erratende Zeichenkette eingibt, kann es zu einer unsicheren Verschlüsselung kommen;
69;;G 3.34;Managementsystem sollten konsistent zu allen beteiligten Komponenten konfiguriert werden;Managementsystem, Konfiguration;Wenn Managementsysteme nicht konsistent zu ihren Komponenten konfiguriert sind, können diese möglicherweise nicht mehr reibungslos zusammenarbeiten. Das kann zu Ausfällen, Sicherheitslücken oder fehlenden aber eigentlich zulässigen Zugriffsmöglichkeiten führen;
70;;G 3.35;Server, die relevante Daten verwalten, sollten nicht im laufenden Betrieb abgeschaltet werden können;Server, Inkonsistenz, Backup, Managementsystem, Archiv;Wenn ein Server, der relevante Daten verwaltet, im laufenden Betrieb abgeschaltet wird, kann es zu Inkonsistenzen in den Daten kommen. Möglicherweise müssen Backups aufgespielt werden die veraltete Zugriffsrechte wieder in Stand setzen oder es wurden unwiderruflich sensible Daten zerstört;
71;;G 3.36;Bei dem Einsatz von Managementsystemen sollten die Administratoren dazu in der Lage sein, automatische Fehlermeldungen richtig zu interpretieren und Fehlalarme von echten Fehlern unterscheiden können.;Managementsystem, Fehlalarm, Administrator, Analyse, automatische Meldungen;Wenn auf ein Fehlalarm eine Behandlung folgt, kann dies zur Verschlimmerung der Situation führen. Wenn ein echter Alarm als Fehlalarm interpretiert wird, kann der aufgetretende Fehler unbehelligt einen Schaden verursachen;
72;;G 3.38;Programme die für den Einsatzzweck des Rechners / Systems nicht notwendig sind sollten nicht gestartet werden;Programm, Rechner, Sicherheitslücke;Nicht benötigte Programme können vermeidbare zusätzliche Sicherheitslücken aufweisen;
73;;;Das Laden und Ausführen von ActiveX-Controls sollte vermieden werden;ActiveX, Internet, Schadsoftware;ActiveX-Controls werden mit den gleichen Rechten wie die des Nutzers ausgeführt. Bei sorglose Benutzung kann Schadsoftware auf den Rechner gelangen oder unbefugter Dateizugriff stattfinden;
74;;;Es sollte restriktive Regeln für Internet Cookies geben;Internet, Cookie, Regel;Wenn die Nutzung von Cookies ungeschränkt bleibt ist es für Internetdienstanbietern wesentlich leichter das Nutzerverhalten zu analysieren;
75;;;DNS Server sollten vermieden werden oder so sicher konfiguriert sein, dass sie unter keinen Umständen von Angreifern übernommen werden können;DNS, Server, Hijack, Übernahme, IP-Adresse;Wenn ein falsch konfigurierter DNS Server von Angreifern übernommen wird, können diese gefälschte IP-Adresse verschicken und Mitarbeiter auf gefälschte sensible Seiten locken;
76;;;Emails und Webinhalte sollten auf ausführbare Codes hin untersucht und gegebenfalls gemieden werden;Executable Content, Content-Security-Problem, Email, Internet, Makros;Emails, Dateien und Webseiten können ausführbaren Code beinhalten der ohne Rückfrage beim Benutzer gestartet wird und dem System Schaden zufügen und es ausspionieren kann;
77;;G 3.40;Wenn die Benutzerverwaltung eines VPN und dem Betriebssystem getrennt sind, sollte auf einen konsistenten Datenbestand geachtet werden;VPN, Betriebssystem, Login, Benutzerdaten;Wenn die Zugangsdaten des VPN und des Betriebssystem nicht konsistent gehalten werden, kann es zu unbefugten Zugang mittels alter Logindaten kommen;
78;;;Zugangsdaten für ein VPN sollten nicht lokal gespeichert werden;VPN, Login;Wenn die Logindaten für ein VPN lokal gespeichert werden, können diese ausgelesen und für einen unbefugten Zugang genutzt werden;
79;;G 3.41;Bei einer bestehenden VPN Verbindung ins Firmennetz sollten nur notwendige Dienste benutzt werden;VPN, Dienste, Verbindung,  Firmennetz;Wenn über eine bestehende VPN Verbindung ins Firmennetz zusätzlich Zugriff auf das Internet oder die Emailkonten getätigt werden, kann Schadsoftware ins Firmennetz gelangen;
80;;;Vor der Einwahl in sensible Netze wie dem Firmennetz oder Kundennetze sollten vorher Verbindungen zu anderen Netzen geschlossen oder ausreichend sicher konfiguriert sein;VPN, Kundennetz, Firmennetz;Wenn eine Verbindungen zu einem Kundennetz und dem Firmennetz aufgebaut wird und das des Kunden unsicher konfiguriert ist, kann es zu unbefugten Zugriff auf das Firmennetz kommen;
81;;G 3.42;Sowohl Server- als auch Clientsoftware eines firmen VPNs sollten ausreichend sicher konfiguriert sein;VPN, Konfiguration;Wenn Server- und Clientsoftware die Verschlüsselung der Kommunikation frei aushandeln dürfen, kann es zur einer unverschlüsselten Verbindung kommen;
82;;;Die VPN Konfiguration sollte nicht durch die Nutzer der VPN Clients geändert werden können;VPN, Client, Benutzer, Konfiguration;Wenn die Benutzer der VPN Clients die Konfiguration des VPNs ändern können, neigen diese dazu sie bei Problem den aktuellen Gegebenheiten anzupassen und dabei unsicherer zu machen;
83;;G 3.43;Logindaten sollten niemals weitergegeben werden;Login, Passwort, Weitergabe;Wenn aus Bequemlichkeit Passwörter weitergegeben werden kann es zu unbefugten Zugriff kommen;
84;;;Wenn Passwörter als Gedächnisstütze aufgeschrieben werden, sollte diese so aufbewahrt werden, dass sie vor unbefugter Einsicht geschützt sind;Login, Passwort, Aufschreiben, Aufbewahrung;Niedergeschriebene Passwörter die nicht sicher aufbewahrt werden können leicht entwendet und für unbefugten Zugriff genutzt werden;
85;;G 3.44;Wenn Endgeräte mit sensiblen Daten in die Reparatur gegeben werden sollten vorher sensible Daten gelöscht oder verschlüsselt werden oder ein vertrauenswürdiger Reparaturdienst gewählt werden;Endgerät, Schaden, Reparatur;Wenn Endgeräte mit sensiblen Daten bei Drittanbietern repariert werden, kann dieser möglicherweise auf sensible Daten zugreifen und diese kopieren oder verändern;
86;;G 3.45;Bei persönlichen Gesprächen sollte vor der Bekanntgabe von sensiblen Informationen immer die Identität des Gegenüber hinterfragt und überprüft werden;Gespräch, Identität;Wenn die Identität des Gesprächspartners nicht überprüft wird, kann dieser sich für jemand anderen ausgeben und so unbefugt an vertrauliche Informationen gelangen;
87;;;Bei persönlichen Gesprächen sollte nicht stillschweigend erwartet werden, dass die Gesprächsinhalte vertraulich behandelt werden;Gespräch, Vertraulichkeit;Wenn bei persönlichen Gesprächen die Vertraulichkeit stillschweigend erwartet wird, kann es dazu kommen das diese nicht gegeben ist und so sensible Informationen an Unbefugte gelangen;
88;;G 3.47;Bei der Übertragung von Logindaten oder sensiblen Daten über unsichere Netzwerke sollte eine Verschlüsselung benutzt werden;Login, Passwort, Verschlüsselung, Kryptographie;Unverschlüsselt versendete Logindaten können in unsicheren Netzen wie dem Internet abgehört und mitgelesen werden;
89;;;Zertifikate müssen geeignet geschützt abgespeichert werden;Zertifikat, Login;Ungesichert abgespeicherte Zertifikate können entwendet und unbefugt eingesetzt werden;
90;;G 3.48;Bei der Aktualisierung bereits verwendeter Software sollte nach dem Vorgang überprüft werden, ob die Konfiguration aktualisiert werden muss;Software, Aktualisierung, Konfiguration;Durch die Aktualisierung von Software kann sich deren Verhalten ändern. Wenn die Konfiguration nicht an das neue Verhalten angepasst wird, können Sicherheitslücken entstehen;
91;;;Der Zugriff auf Wechselmedien sollte bei Geräten die sensible Daten halten geeignet eingeschränkt werden;Datenträger, Wechselmedium, Rechte;Wenn der Zugriff auf Wechselmedien an Geräten die sensible Daten halten nicht geeignet eingeschränkt wird, können die kopiert werden. Außerdem kann so Schadsoftware auf dem Gerät installiert werden;
92;;G 3.49;Werden Vertrauensstellungen zwischen Domänen eingerichtet sollten die Beziehungen in Bezug auf erweiterte Zugriffsrechte geprüft werden;Domäne, Zugriff;Wenn diese Beziehungen nicht geprüft werden, kann es zu unbefugten Zugriffen seites Teilnehmer einer anderen Domäne kommen;
93;;G 3.54;Datenträger, die zur Archivierung genutzt werden, sollten auf ihre Eignung geprüft werden;Datenträger, Archivierung;Wenn ausversehen wiederbeschreibbare Rohlinge zur Archivierung genutzt werden, kann es zu einem versehentlichen Überschreiben wichtiger Daten kommen;
94;;G 3.55;Beim Einsatz von Archivsystemen sollten die rechtlichen Rahmenbedingungen eingehalten werden;Archivierung, Recht, Gesetz;Bei Nichtbeachtung der rechtlichen Rahmenbedingungen für Archivsysteme kann es zu verfrühten Löschen von Daten, falschen Zugriffsrechten, fehlenden Zertifikaten und damit zu rechtlichen Konsequenzen führen;
95;;G 3.56;Wenn Server im Firmennetz von Internet aus erreicht werden können, sollten diese geeignet vom restlichen Firmennetz abgeschottet werden;Firmennetz, Webserver, Netzwerktopologie;Wenn Server, die vom Internet aus erreichbar sind, nicht geeignet vom restlichen Firmennetz abgeschottet werden, können diese vom Internet aus kompromitiert werden und so ein unbefugter Zugriff auf das Firmennetz entstehen;
96;;G 3.57;Firm- und Softwares sollten auf sicherheitskritischen System immer auf den neusten Stand gehalten werden, außer es ergeben sich Sicherheitslücken aus der neuen Version;Firmware, Betriebsystem, Aktualisierung;Wenn auf sicherheitskritischen System veraltete Firmwares laufen können sich daraus Sicherheitslücken ergeben;
97;;G 3.75;Automatische Vorgänge wie Batch-Jobs sollten regelmäßig auf ihre korrekte Funktionalität hin überprüft werden;Automatisch, Batch, Prüfung;Wenn automatische Vorgänge wie Batch-Jobs unbemerkt abbrechen oder falsche Ergebnisse liefern können so inkosistenzen in Datenbeständen entstehen;
98;;G 3.76;Bei der Synchronisation von mobilen Endgeräten sollten sinnvolle Regelungen für Datenkonflikte erstellt werden;Sychronisation, mobiles Endgerät, Datenkonflikt;Wenn keine oder falsche Regelungen für Datenkonflikte bei der Synchronisation von mobilen Endgeräten bestehen, kann es dazu kommen, das wichtige Daten überschrieben werden;
99;;G 3.77;Im Unternehmen und dessen Kultur sollte eine Akzeptanz von Informationssicherheit geschaffen werden;Unternehmenskultur, Informationssicherheit, Akzeptanz;Wenn bei den Mitarbeitern eines Unternehmens keine Akzeptanz für Sicherheitsmaßnahmen besteht, kann es vorkommen, dass diese zu Teilen oder vollkommen ignoriert werden;
100;;G 3.79;Speicherressourcen sollten auf Betriebssystemebene eindeutig und stark zugeordnet sein;Speicher, Betriebssystem, Zuordnung;Durch einen falschen Speicherzugriff können Daten von anderen Programmen ausgelesen, überschrieben oder manipuliert werden;
101;;G 3.80;Bei der Synchronisation von Datenbanken sollten geeignete Regeln für Datenkonflikte bestehen und die Protokolle der Synchronisation sollten auf ungewünschte Überschreibungen hin überprüft werden;Datenbank, Synchronisation, Datenkonflikt;Wenn die automatische Synchronisation von Datenbanken nicht mit geeigneten Regeln versehen ist oder die Regeln nicht immer zutreffen kann es zum unerwünschten Überschreiben von Daten kommen;
102;;G 3.81;Wenn zur Konfiguration von Software Vorlagen in Form von Dateien benutzt werden, sollten diese gründlich geprüft und getestet werden bevor sie angewandt werden;Software, Konfiguration, Vorlage;Wenn falsche oder fehlerhafte Vorlagen eingespielt werden, kann das die Funktionsfähigkeit und Sicherheit der Software erheblich beeinträchtigen;
103;;G 3.82;Bei der Einrichtung eines VoIP Anrufbeantworters der Audiodateien an Emailadresse versendet sollte größte Sorgfalt bei der Administrierung der Zieladressen walten gelassen werden;VoIP, Anrufbeantworter, Email;Wenn die Zieladresse falsch eingetragen wurde, kann es sein, dass der Mitarbeiter wichtige Informationen nicht erhält oder, im schlimmsten Fall, sensible Informationen mittels der Audiodatei an einen unbefugten Empfänger geschickt werden;
104;;G 3.84;Die Konfiguration von unterschiedlichen WLAN Access Points sollten einheitlich vorgenommen werden;WLAN, Access Point, Konfiguration;Bei uneinheitlicher Konfiguration der WLAN Access Points kann es zu Verfügbarkeitsproblemen und Sicherheitslücken kommen;
105;;;Wenn Mitarbeiter in fremden Umgebungen oder an Hotspots ihr WLAN nutzen, sollte die Firewall richtig konfiguriert und eingeschaltet sein;WLAN, Hotspot, Firewall;Bei unzureichendem Schutz in fremden WLANs oder Hotspots kann es unbefugten Zugriff auf das Gerät kommen;
106;;G 3.85;Bei der Verlegung neuer Kabeltrassen sollte eine anschließende Überprüfung der Brandschotten stattfinden;Kabeltrassen, Brandschotten, Feuer;Wenn nach den Umbauarbeiten keine Überprüfung des Brandschutzes stattfindet kann das zu erheblichen Brandschutzmängeln bei einem Feuer führen;
107;;G 3.88;Besonders bei der Vergabe von Zugriffsrechten auf das Dateisystem sollte äußerste Sorgfalt walten gelassen werden;Rechte, RBAC, Dateisystem, Zugriffssache;Wenn Zugriffsrechte oder Administrationsrechte für das Dateisystem falsch vergeben werden, kann das ganze System kompromitiert, gelöscht, blockiert und nicht mehr vor unbefugten Zugriff geschützt werden;
108;;G 3.90;Vor der Einwahl in ein VPN Netz sollte der Client PC regelmäßig auf Schadsoftware untersucht werden;VPN, Schadsoftware, Überprüfung;Wenn die Client PCs, die sich in ein Firmen VPN einwählen, nicht frei von Schadsoftware sind, können diese ins interne Firmennetz gelangen;
109;;;Wenn die Verbindung zu einem VPN hergestellt ist, sollte die Verwendung von unautorisierter Software vermieden werden;VPN, Autorisiert, Software;Bei der Nutzung von unautorisierter Software über ein VPN kann es zu Sicherheitslücken kommen;
110;;G 3.92;Aktualisierungen und Patches sollten nach ihrer Sicherheitsrelevanz priorisiert werden;Aktualisierung, Patch, Sicherheit;Wenn zu erst unwichtige Aktualisierungen getätigt werden bleiben potentielle Sicherheitslücken länger geöffnet;
111;;G 3.100;Bevor Datensicherungen oder Snapshots in ein Programm, Betriebssystem oder eine virtuelle Maschine eingespielt werden, sollte eingehend überprüft werden ob Sicherheitsrelevante Einstellungen überschrieben werden;Backup, Snapshot, Datensicherung, Konfiguration;Wenn eine Datensicherung oder ein Snapshot aufgespielt werden, kann es vorkommen das veraltete Sicherheitseinstellungen wieder aktiv werden bzw. neue Sicherheitseinstellungen überschrieben werden, was zur Öffnung von bereits geschlossenen Sicherheitslücken führen kann;
112;;;Bevor Datensicherungen oder Snapshots erstellt werden, sollten vorher alle Schreibvorgänge auf diese Daten abgeschlossen oder verhindert werden;Backup, Snapshot, Datensicherung;Wenn Dateien während der Erstellung einer Sicherung oder eines Snapshots beschrieben werden, können diese in einem inkosistenten oder zerstörten Zustand gesichert werden;
113;;G 3.101;Bei der Nutzung von Gastwerkzeugen in virtuellen IT-System sollte geprüft werden, ob diese geltende Sicherheitsrichtlinien umgehen;Virtualisierung, Sicherheit, Rechte, Gastwerkzeug;Es kann vorkommen, dass Gastwerkzeuge für virtuelle IT-Systeme deren geltende Sicherheitsrichtlinien umgehen oder übergehen und so unbefugten Zugang gewähren oder Aktionen ausführen, die eigentlich verboten sind;
114;;G 3.105;Die Nutzung externer Dienstleister sollte vertraglich oder anderweitig bindend geregelt sein;Externe Dienstleister, Vertrag, Regel;Wenn die Nutzung externer Dienstleister nicht vertraglich oder anderweitig geregelt sind, kann es dazu kommen, das Mitarbeiter diese Nutzen und so vertrauliche Daten an Unbefugte gelangen;
